{
	"pages": [ //pages数组中第一项表示应用启动页，参考：https://uniapp.dcloud.io/collocation/pages
		{
			"path": "pages/index/index",
			"style": {
				"navigationBarTitleText": "心维度"
			}
		},
		{
			"path" : "pages/demo1/demo1",
			"style" : 
			{
				"navigationBarTitleText" : "demo"
			}
		},
		{
			"path" : "pages/demo2/demo2",
			"style" : 
			{
				"navigationBarTitleText" : "d2"
			}
		},
		{
			"path" : "pages/mine/mine",
			"style" : 
			{
				"navigationBarTitleText" : ""
			}
		},
		{
			"path" : "pages/basicInfor/basicInfor",
			"style" : 
			{
				"navigationBarTitleText" : ""
			}
		},
		{
			"path" : "pages/items/items",
			"style" : 
			{
				"navigationBarTitleText" : ""
			}
		},
		{
			"path" : "pages/grow/grow",
			"style" : 
			{
				"navigationBarTitleText" : ""
			}
		},
		{
			"path" : "pages/try/try",
			"style" : 
			{
				"navigationBarTitleText" : ""
			}
		}
	],
	"globalStyle": {
		"navigationBarTextStyle": "black",
		"navigationBarTitleText": "uni-app",
		"navigationBarBackgroundColor": "#23d0f7",
		"backgroundColor": "#F8F8F8"
	},
	"uniIdRouter": {}
}
