{
	"pages": [ //pages数组中第一项表示应用启动页，参考：https://uniapp.dcloud.io/collocation/pages
		{
			"path": "pages/index/index",
			"style": 
			{
				"navigationBarTitleText": "心维度咨询平台"
		    }
							
			
		},
		{
			"path" : "pages/consultant/consultant",
			"style" : 
			{
				"navigationBarTitleText" : ""
			}
		},
		{
			"path" : "pages/calendar/calendar",
			"style" : 
			{
				"navigationBarTitleText" : "心维度咨询平台",
				"backgroundColor": "#e6e6e6"
								
			}
			
		},
		{
			"path" : "pages/mine/mine",
			"style" : 
			{
				"navigationBarTitleText" : "心维度咨询平台"
			}
		},
		{
			"path" : "pages/search/search",
			"style" : 
			{
				"navigationBarTitleText" : ""
			}
		},
		{
			"path" : "pages/applyask/applyask",
			"style" : 
			{
				"navigationBarTitleText" : "预约咨询"
			}
		},
		{
			"path": "pages/grow/grow",
			"style": {
				"navigationBarTitleText": "心理状态变化"
			}
		},
		{
			"path": "pages/test/test",
			"style": {
				"navigationBarTitleText": "心理测试"
			}
		},
		{
			"path": "pages/demo1/demo1",
			"style": {
				
			}
		},
		{
			"path": "pages/items/items",
			"style": {
				"navigationBarTitleText": "订单"
			}
		},
		{
			"path": "pages/basicInfor/basicInfor",
			"style": {
				"navigationBarTitleText": ""
			}
		},
		{
			"path" : "pages/changeAvator/changeAvator",
			"style" : 
			{
				"navigationBarTitleText" : ""
			}
		}
	],
	"globalStyle": {
		"navigationBarTextStyle": "black",
		"navigationBarTitleText": "心理咨询问诊",
		"navigationBarBackgroundColor": "#23d0f7",
		"backgroundColor": "#23d0f7"
	},
	"uniIdRouter": {},
	"tabBar": {
			"color": "#7A7E83",
			"selectedColor": "#1296db",
			"borderStyle": "black",
			"backgroundColor": "#ffffff",
			"list": [
			{
				 "pagePath": "pages/index/index",
				 "iconPath": "static/home.png",
				 "selectedIconPath": "static/home_cur.png",
				 "text": "首页"
			},
			{
				"pagePath": "pages/calendar/calendar",
				"iconPath": "static/day.png",
				"selectedIconPath": "static/day_cur.png",
				"text": "预约"
			},
			{
				"pagePath": "pages/mine/mine",
				"iconPath": "static/my.png",
				"selectedIconPath": "static/my_cur.png",
				"text": "我的"
			}
			]
}}
